[
  {
    "id": "8e2e65fb-d909-4bbc-a912-1debde551ca7",
    "data": [
      {
        "text": "mary",
        "meta": "@sys.given-name",
        "alias": "given-name",
        "userDefined": false
      }
    ],
    "isTemplate": false,
    "count": 0,
    "lang": "en",
    "updated": 0
  },
  {
    "id": "010e03fb-57c6-4748-b494-d214462dec22",
    "data": [
      {
        "text": "john",
        "meta": "@sys.given-name",
        "alias": "given-name",
        "userDefined": false
      }
    ],
    "isTemplate": false,
    "count": 0,
    "lang": "en",
    "updated": 0
  },
  {
    "id": "2f56a41f-418b-4578-82a1-3eca3977a9d1",
    "data": [
      {
        "text": "sam",
        "meta": "@sys.given-name",
        "alias": "given-name",
        "userDefined": false
      }
    ],
    "isTemplate": false,
    "count": 0,
    "lang": "en",
    "updated": 0
  }
]