[
  {
    "id": "b71a6ee3-2400-4b71-a8d5-c35485b0fb0c",
    "data": [
      {
        "text": "I want to change my name on my hotel reservation.",
        "userDefined": false
      }
    ],
    "isTemplate": false,
    "count": 0,
    "lang": "en",
    "updated": 0
  },
  {
    "id": "f338cf2b-2815-4319-ad17-d46eb0bd176b",
    "data": [
      {
        "text": "I need to change my name on the booking.",
        "userDefined": false
      }
    ],
    "isTemplate": false,
    "count": 0,
    "lang": "en",
    "updated": 0
  },
  {
    "id": "bb252ac5-004b-4282-9043-6ff31017640d",
    "data": [
      {
        "text": "Can I change my name on my reservation?",
        "userDefined": false
      }
    ],
    "isTemplate": false,
    "count": 0,
    "lang": "en",
    "updated": 0
  },
  {
    "id": "77902d2a-13e4-4d19-b3a6-e91eac414e68",
    "data": [
      {
        "text": "I want to change my name on my itinerary.",
        "userDefined": false
      }
    ],
    "isTemplate": false,
    "count": 0,
    "lang": "en",
    "updated": 0
  }
]